G_in,ATP_in,NAD_in,NADH_obs
1000,150,1000,143.7244158
1000,750,1000,129.7883306
1000,1500,1000,118.6556061
1000,2250,1000,110.1867085
1000,2850,1000,104.8205684