G_in,ATP_in,NAD_in,NADH_obs
1000,150,1000,55.67061074
1000,750,1000,42.81730289
1000,1500,1000,30.61849228
1000,2250,1000,23.04371808
1000,2850,1000,19.76140301