G_in,ATP_in,NAD_in,NADH_obs
1000,150,1000,94.55032241
1000,750,1000,83.59761028
1000,1500,1000,74.51179865
1000,2250,1000,60.57374468
1000,2850,1000,59.00721399