G_in,ATP_in,NAD_in,NADH_obs
133.3333333,500,1000,56.83873006
250,500,1000,66.20415001
500,500,1000,99.91935086
750,500,1000,134.8849489
1000,500,1000,159.902534
133.3333333,1500,1000,39.24074222
250,1500,1000,44.56048154
500,1500,1000,65.87470784
750,1500,1000,93.04861202
1000,1500,1000,122.5445205
133.3333333,2500,1000,26.72336466
250,2500,1000,28.48758029
500,2500,1000,41.54280438
750,2500,1000,59.23569702
1000,2500,1000,81.76079625
