G_in,ATP_in,NAD_in,NADH_obs
1000,150,1000,36.43657579
1000,750,1000,32.1271389
1000,1500,1000,22.76545012
1000,2250,1000,16.94771206
1000,2850,1000,6.744391067