G_in,ATP_in,G6P_obs
250,1000,222.2724003
500,1000,447.6007173
750,1000,640.6995663
1000,1000,748.880356
1500,1000,857.9636532
2000,1000,905.1239575
