G_in,NAD_in,NADH_obs
250,5000,29.43786
500,5000,92.7369
1000,5000,189.38097
1500,5000,268.2535833
2000,5000,380.78521