G_in,ATP_in,G6P_obs
1000,250,249.80618117
1000,500,457.85342217
1000,750,634.8453185
1000,1000,708.50244417
1000,1500,827.878791
1000,2000,904.21356233