G_in,ATP_in,G6P_obs
2000,250,106.901098
2000,500,257.9181325
2000,1000,369.388078
2000,2000,581.2644355
2000,5000,750.563791