G6P_in,NAD_in,NADH_obs
500,1000,123.450789
500,3000,164.000893
1000,1000,209.248350
1000,3000,312.957864
1500,1000,270.945097
1500,3000,425.261227
3000,1000,372.982147
3000,3000,612.989401